
{
  "header": {
    "reportVersion": 1,
    "event": "Allocation failed - JavaScript heap out of memory",
    "trigger": "FatalError",
    "filename": "report.20200426.133151.11528.0.001.json",
    "dumpEventTime": "2020-04-26T13:31:51Z",
    "dumpEventTimeStamp": "1587888111661",
    "processId": 11528,
    "cwd": "D:\\connect",
    "commandLine": [
      "C:\\Program Files\\nodejs\\node.exe",
      "./bin/www.js"
    ],
    "nodejsVersion": "v12.16.1",
    "wordSize": 64,
    "arch": "x64",
    "platform": "win32",
    "componentVersions": {
      "node": "12.16.1",
      "v8": "7.8.279.23-node.31",
      "uv": "1.34.0",
      "zlib": "1.2.11",
      "brotli": "1.0.7",
      "ares": "1.15.0",
      "modules": "72",
      "nghttp2": "1.40.0",
      "napi": "5",
      "llhttp": "2.0.4",
      "http_parser": "2.9.3",
      "openssl": "1.1.1d",
      "cldr": "35.1",
      "icu": "64.2",
      "tz": "2019c",
      "unicode": "12.1"
    },
    "release": {
      "name": "node",
      "lts": "Erbium",
      "headersUrl": "https://nodejs.org/download/release/v12.16.1/node-v12.16.1-headers.tar.gz",
      "sourceUrl": "https://nodejs.org/download/release/v12.16.1/node-v12.16.1.tar.gz",
      "libUrl": "https://nodejs.org/download/release/v12.16.1/win-x64/node.lib"
    },
    "osName": "Windows_NT",
    "osRelease": "10.0.18362",
    "osVersion": "Windows 10 Pro",
    "osMachine": "x86_64",
    "cpus": [
      {
        "model": "Intel(R) Core(TM) i7-4600U CPU @ 2.10GHz",
        "speed": 2694,
        "user": 2288515,
        "nice": 0,
        "sys": 1890171,
        "idle": 9164234,
        "irq": 138109
      },
      {
        "model": "Intel(R) Core(TM) i7-4600U CPU @ 2.10GHz",
        "speed": 2694,
        "user": 2123328,
        "nice": 0,
        "sys": 1654312,
        "idle": 9565093,
        "irq": 41156
      },
      {
        "model": "Intel(R) Core(TM) i7-4600U CPU @ 2.10GHz",
        "speed": 2694,
        "user": 2278156,
        "nice": 0,
        "sys": 1657281,
        "idle": 9407265,
        "irq": 19390
      },
      {
        "model": "Intel(R) Core(TM) i7-4600U CPU @ 2.10GHz",
        "speed": 2694,
        "user": 2160250,
        "nice": 0,
        "sys": 1698406,
        "idle": 9484062,
        "irq": 16000
      }
    ],
    "networkInterfaces": [
      {
        "name": "VirtualBox Host-Only Network",
        "internal": false,
        "mac": "0a:00:27:00:00:0f",
        "address": "fe80::b8b3:5bb9:b45b:161f",
        "netmask": "ffff:ffff:ffff:ffff::",
        "family": "IPv6",
        "scopeid": 15
      },
      {
        "name": "VirtualBox Host-Only Network",
        "internal": false,
        "mac": "0a:00:27:00:00:0f",
        "address": "192.168.56.1",
        "netmask": "255.255.255.0",
        "family": "IPv4"
      },
      {
        "name": "Wi-Fi",
        "internal": false,
        "mac": "74:e5:0b:b2:b8:5c",
        "address": "fe80::2c94:ea03:a4fb:bdf0",
        "netmask": "ffff:ffff:ffff:ffff::",
        "family": "IPv6",
        "scopeid": 6
      },
      {
        "name": "Wi-Fi",
        "internal": false,
        "mac": "74:e5:0b:b2:b8:5c",
        "address": "192.168.1.7",
        "netmask": "255.255.255.0",
        "family": "IPv4"
      },
      {
        "name": "Loopback Pseudo-Interface 1",
        "internal": true,
        "mac": "00:00:00:00:00:00",
        "address": "::1",
        "netmask": "ffff:ffff:ffff:ffff:ffff:ffff:ffff:ffff",
        "family": "IPv6",
        "scopeid": 0
      },
      {
        "name": "Loopback Pseudo-Interface 1",
        "internal": true,
        "mac": "00:00:00:00:00:00",
        "address": "127.0.0.1",
        "netmask": "255.0.0.0",
        "family": "IPv4"
      }
    ],
    "host": "DESKTOP-KT9IJ5U"
  },
  "javascriptStack": {
    "message": "No stack.",
    "stack": [
      "Unavailable."
    ]
  },
  "nativeStack": [
    {
      "pc": "0x00007ff6ef1c19f9",
      "symbol": ""
    },
    {
      "pc": "0x00007ff6ef1c5e1c",
      "symbol": ""
    },
    {
      "pc": "0x00007ff6ef1c4dd8",
      "symbol": ""
    },
    {
      "pc": "0x00007ff6ef2c34cb",
      "symbol": ""
    },
    {
      "pc": "0x00007ff6efad9f4e",
      "symbol": ""
    },
    {
      "pc": "0x00007ff6efac2021",
      "symbol": ""
    },
    {
      "pc": "0x00007ff6ef98e57c",
      "symbol": ""
    },
    {
      "pc": "0x00007ff6ef996521",
      "symbol": ""
    },
    {
      "pc": "0x00007ff6ef98bb13",
      "symbol": ""
    },
    {
      "pc": "0x00007ff6ef98a184",
      "symbol": ""
    },
    {
      "pc": "0x00007ff6ef9ab36d",
      "symbol": ""
    },
    {
      "pc": "0x00007ff6ef710c51",
      "symbol": ""
    },
    {
      "pc": "0x00007ff6eff24ddd",
      "symbol": ""
    },
    {
      "pc": "0x00007ff6efecedfe",
      "symbol": ""
    },
    {
      "pc": "0x000002ba6ec875f8",
      "symbol": ""
    }
  ],
  "javascriptHeap": {
    "totalMemory": 23846912,
    "totalCommittedMemory": 23846912,
    "usedMemory": 21358240,
    "availableMemory": 2176922696,
    "memoryLimit": 2197815296,
    "heapSpaces": {
      "read_only_space": {
        "memorySize": 262144,
        "committedMemory": 262144,
        "capacity": 32808,
        "used": 32808,
        "available": 0
      },
      "new_space": {
        "memorySize": 1048576,
        "committedMemory": 1048576,
        "capacity": 1047456,
        "used": 1047304,
        "available": 152
      },
      "old_space": {
        "memorySize": 16400384,
        "committedMemory": 16400384,
        "capacity": 16343616,
        "used": 14808696,
        "available": 1534920
      },
      "code_space": {
        "memorySize": 954368,
        "committedMemory": 954368,
        "capacity": 752832,
        "used": 705632,
        "available": 47200
      },
      "map_space": {
        "memorySize": 1052672,
        "committedMemory": 1052672,
        "capacity": 1051064,
        "used": 726480,
        "available": 324584
      },
      "large_object_space": {
        "memorySize": 4079616,
        "committedMemory": 4079616,
        "capacity": 4034536,
        "used": 4034536,
        "available": 0
      },
      "code_large_object_space": {
        "memorySize": 49152,
        "committedMemory": 49152,
        "capacity": 2784,
        "used": 2784,
        "available": 0
      },
      "new_large_object_space": {
        "memorySize": 0,
        "committedMemory": 0,
        "capacity": 1047456,
        "used": 0,
        "available": 1047456
      }
    }
  },
  "resourceUsage": {
    "userCpuSeconds": 4.531,
    "kernelCpuSeconds": 0.875,
    "cpuConsumptionPercent": 2.71658,
    "maxRss": 59420672,
    "pageFaults": {
      "IORequired": 54206,
      "IONotRequired": 0
    },
    "fsActivity": {
      "reads": 755,
      "writes": 5
    }
  },
  "libuv": [
  ],
  "environmentVariables": {
    "ALLUSERSPROFILE": "C:\\ProgramData",
    "APPDATA": "C:\\Users\\user\\AppData\\Roaming",
    "CommonProgramFiles": "C:\\Program Files\\Common Files",
    "CommonProgramFiles(x86)": "C:\\Program Files (x86)\\Common Files",
    "CommonProgramW6432": "C:\\Program Files\\Common Files",
    "COMPUTERNAME": "DESKTOP-KT9IJ5U",
    "ComSpec": "C:\\WINDOWS\\system32\\cmd.exe",
    "dp0": "D:\\connect\\node_modules\\.bin\\",
    "DriverData": "C:\\Windows\\System32\\Drivers\\DriverData",
    "GOOGLE_API_KEY": "no",
    "GOOGLE_DEFAULT_CLIENT_ID": "no",
    "GOOGLE_DEFAULT_CLIENT_SECRET": "no",
    "HOME": "C:\\Users\\user",
    "HOMEDRIVE": "C:",
    "HOMEPATH": "\\Users\\user",
    "INIT_CWD": "D:\\connect",
    "LOCALAPPDATA": "C:\\Users\\user\\AppData\\Local",
    "LOGONSERVER": "\\\\DESKTOP-KT9IJ5U",
    "NODE": "C:\\Program Files\\nodejs\\node.exe",
    "NODE_EXE": "C:\\Program Files\\nodejs\\\\node.exe",
    "NPM_CLI_JS": "C:\\Program Files\\nodejs\\\\node_modules\\npm\\bin\\npm-cli.js",
    "npm_config_access": "",
    "npm_config_allow_same_version": "",
    "npm_config_also": "",
    "npm_config_always_auth": "",
    "npm_config_argv": "{\"remain\":[],\"cooked\":[\"start\"],\"original\":[\"start\"]}",
    "npm_config_audit": "true",
    "npm_config_audit_level": "low",
    "npm_config_auth_type": "legacy",
    "npm_config_before": "",
    "npm_config_bin_links": "true",
    "npm_config_browser": "",
    "npm_config_ca": "",
    "npm_config_cache": "C:\\Users\\user\\AppData\\Roaming\\npm-cache",
    "npm_config_cache_lock_retries": "10",
    "npm_config_cache_lock_stale": "60000",
    "npm_config_cache_lock_wait": "10000",
    "npm_config_cache_max": "Infinity",
    "npm_config_cache_min": "10",
    "npm_config_cafile": "",
    "npm_config_cert": "",
    "npm_config_cidr": "",
    "npm_config_color": "true",
    "npm_config_commit_hooks": "true",
    "npm_config_depth": "Infinity",
    "npm_config_description": "true",
    "npm_config_dev": "",
    "npm_config_dry_run": "",
    "npm_config_editor": "notepad.exe",
    "npm_config_engine_strict": "",
    "npm_config_fetch_retries": "2",
    "npm_config_fetch_retry_factor": "10",
    "npm_config_fetch_retry_maxtimeout": "60000",
    "npm_config_fetch_retry_mintimeout": "10000",
    "npm_config_force": "",
    "npm_config_format_package_lock": "true",
    "npm_config_fund": "true",
    "npm_config_git": "git",
    "npm_config_git_tag_version": "true",
    "npm_config_global": "",
    "npm_config_globalconfig": "C:\\Users\\user\\AppData\\Roaming\\npm\\etc\\npmrc",
    "npm_config_globalignorefile": "C:\\Users\\user\\AppData\\Roaming\\npm\\etc\\npmignore",
    "npm_config_global_style": "",
    "npm_config_group": "",
    "npm_config_ham_it_up": "",
    "npm_config_heading": "npm",
    "npm_config_https_proxy": "",
    "npm_config_if_present": "",
    "npm_config_ignore_prepublish": "",
    "npm_config_ignore_scripts": "",
    "npm_config_init_author_email": "",
    "npm_config_init_author_name": "",
    "npm_config_init_author_url": "",
    "npm_config_init_license": "ISC",
    "npm_config_init_module": "C:\\Users\\user\\.npm-init.js",
    "npm_config_init_version": "1.0.0",
    "npm_config_json": "",
    "npm_config_key": "",
    "npm_config_legacy_bundling": "",
    "npm_config_link": "",
    "npm_config_local_address": "",
    "npm_config_loglevel": "notice",
    "npm_config_logs_max": "10",
    "npm_config_long": "",
    "npm_config_maxsockets": "50",
    "npm_config_message": "%s",
    "npm_config_metrics_registry": "https://registry.npmjs.org/",
    "npm_config_node_gyp": "C:\\Program Files\\nodejs\\node_modules\\npm\\node_modules\\node-gyp\\bin\\node-gyp.js",
    "npm_config_node_options": "",
    "npm_config_node_version": "12.16.1",
    "npm_config_noproxy": "",
    "npm_config_offline": "",
    "npm_config_onload_script": "",
    "npm_config_only": "",
    "npm_config_optional": "true",
    "npm_config_otp": "",
    "npm_config_package_lock": "true",
    "npm_config_package_lock_only": "",
    "npm_config_parseable": "",
    "npm_config_prefer_offline": "",
    "npm_config_prefer_online": "",
    "npm_config_prefix": "C:\\Users\\user\\AppData\\Roaming\\npm",
    "npm_config_preid": "",
    "npm_config_production": "",
    "npm_config_progress": "true",
    "npm_config_proxy": "",
    "npm_config_read_only": "",
    "npm_config_rebuild_bundle": "true",
    "npm_config_registry": "https://registry.npmjs.org/",
    "npm_config_rollback": "true",
    "npm_config_save": "true",
    "npm_config_save_bundle": "",
    "npm_config_save_dev": "",
    "npm_config_save_exact": "",
    "npm_config_save_optional": "",
    "npm_config_save_prefix": "^",
    "npm_config_save_prod": "",
    "npm_config_scope": "",
    "npm_config_scripts_prepend_node_path": "warn-only",
    "npm_config_script_shell": "",
    "npm_config_searchexclude": "",
    "npm_config_searchlimit": "20",
    "npm_config_searchopts": "",
    "npm_config_searchstaleness": "900",
    "npm_config_send_metrics": "",
    "npm_config_shell": "C:\\WINDOWS\\system32\\cmd.exe",
    "npm_config_shrinkwrap": "true",
    "npm_config_sign_git_commit": "",
    "npm_config_sign_git_tag": "",
    "npm_config_sso_poll_frequency": "500",
    "npm_config_sso_type": "oauth",
    "npm_config_strict_ssl": "true",
    "npm_config_tag": "latest",
    "npm_config_tag_version_prefix": "v",
    "npm_config_timing": "",
    "npm_config_tmp": "C:\\Users\\user\\AppData\\Local\\Temp",
    "npm_config_umask": "0000",
    "npm_config_unicode": "",
    "npm_config_unsafe_perm": "true",
    "npm_config_update_notifier": "true",
    "npm_config_usage": "",
    "npm_config_user": "",
    "npm_config_userconfig": "C:\\Users\\user\\.npmrc",
    "npm_config_user_agent": "npm/6.13.4 node/v12.16.1 win32 x64",
    "npm_config_version": "",
    "npm_config_versions": "",
    "npm_config_viewer": "browser",
    "npm_execpath": "C:\\Program Files\\nodejs\\node_modules\\npm\\bin\\npm-cli.js",
    "npm_lifecycle_event": "start",
    "npm_lifecycle_script": "nodemon ./bin/www",
    "npm_node_execpath": "C:\\Program Files\\nodejs\\node.exe",
    "npm_package_author": "",
    "npm_package_dependencies_body_parser": "^1.19.0",
    "npm_package_dependencies_cookie_parser": "^1.4.5",
    "npm_package_dependencies_ejs": "^3.1.2",
    "npm_package_dependencies_express": "^4.17.1",
    "npm_package_dependencies_express_session": "^1.17.1",
    "npm_package_dependencies_install": "^0.13.0",
    "npm_package_dependencies_jade": "^1.11.0",
    "npm_package_dependencies_login_with_twitter": "^1.2.2",
    "npm_package_dependencies_mongodb": "^3.5.6",
    "npm_package_dependencies_morgan": "^1.10.0",
    "npm_package_dependencies_nodemon": "^2.0.3",
    "npm_package_dependencies_passport": "^0.4.1",
    "npm_package_dependencies_passport_twitter": "^1.0.4",
    "npm_package_dependencies_path": "^0.12.7",
    "npm_package_dependencies_serve_favicon": "^2.5.0",
    "npm_package_dependencies_session_memory_store": "^1.0.0",
    "npm_package_description": "",
    "npm_package_license": "ISC",
    "npm_package_main": "index.js",
    "npm_package_name": "connect",
    "npm_package_scripts_start": "nodemon ./bin/www",
    "npm_package_version": "1.0.0",
    "NPM_PREFIX_NPM_CLI_JS": "C:\\Users\\user\\AppData\\Roaming\\npm\\node_modules\\npm\\bin\\npm-cli.js",
    "NUMBER_OF_PROCESSORS": "4",
    "OneDrive": "C:\\Users\\user\\OneDrive",
    "OneDriveConsumer": "C:\\Users\\user\\OneDrive",
    "OS": "Windows_NT",
    "Path": "C:\\Program Files\\nodejs\\node_modules\\npm\\node_modules\\npm-lifecycle\\node-gyp-bin;D:\\connect\\node_modules\\.bin;C:\\Program Files (x86)\\Common Files\\Oracle\\Java\\javapath;C:\\WINDOWS\\system32;C:\\WINDOWS;C:\\WINDOWS\\System32\\Wbem;C:\\WINDOWS\\System32\\WindowsPowerShell\\v1.0\\;C:\\Program Files\\PuTTY\\;C:\\Program Files\\nodejs\\;C:\\WINDOWS\\System32\\OpenSSH\\;C:\\Program Files\\Git\\cmd;C:\\Users\\user\\AppData\\Local\\Continuum\\anaconda3;C:\\Users\\user\\AppData\\Local\\Continuum\\anaconda3\\Library\\mingw-w64\\bin;C:\\Users\\user\\AppData\\Local\\Continuum\\anaconda3\\Library\\usr\\bin;C:\\Users\\user\\AppData\\Local\\Continuum\\anaconda3\\Library\\bin;C:\\Users\\user\\AppData\\Local\\Continuum\\anaconda3\\Scripts;C:\\Users\\user\\AppData\\Local\\Programs\\Microsoft VS Code\\bin;C:\\Users\\user\\AppData\\Roaming\\npm;C:\\Users\\user\\AppData\\Local\\Microsoft\\WindowsApps;D:\\mongodb-shell-win32-x86_64-2012plus-4.2.6\\mongodb-win32-x86_64-2012plus-4.2.6\\bin;C:\\Program Files\\heroku\\bin",
    "PATHEXT": ".COM;.EXE;.BAT;.CMD;.VBS;.VBE;.JSE;.WSF;.WSH;.MSC",
    "PROCESSOR_ARCHITECTURE": "AMD64",
    "PROCESSOR_IDENTIFIER": "Intel64 Family 6 Model 69 Stepping 1, GenuineIntel",
    "PROCESSOR_LEVEL": "6",
    "PROCESSOR_REVISION": "4501",
    "ProgramData": "C:\\ProgramData",
    "ProgramFiles": "C:\\Program Files",
    "ProgramFiles(x86)": "C:\\Program Files (x86)",
    "ProgramW6432": "C:\\Program Files",
    "PROMPT": "$P$G",
    "PSModulePath": "C:\\WINDOWS\\system32\\WindowsPowerShell\\v1.0\\Modules\\",
    "PUBLIC": "C:\\Users\\Public",
    "SESSIONNAME": "Console",
    "SystemDrive": "C:",
    "SystemRoot": "C:\\WINDOWS",
    "TEMP": "C:\\Users\\user\\AppData\\Local\\Temp",
    "TMP": "C:\\Users\\user\\AppData\\Local\\Temp",
    "USERDOMAIN": "DESKTOP-KT9IJ5U",
    "USERDOMAIN_ROAMINGPROFILE": "DESKTOP-KT9IJ5U",
    "USERNAME": "user",
    "USERPROFILE": "C:\\Users\\user",
    "VBOX_MSI_INSTALL_PATH": "C:\\Program Files\\Oracle\\VirtualBox\\",
    "windir": "C:\\WINDOWS",
    "_prog": "node"
  },
  "sharedObjects": [
    "C:\\Program Files\\nodejs\\node.exe",
    "C:\\WINDOWS\\SYSTEM32\\ntdll.dll",
    "C:\\WINDOWS\\System32\\KERNEL32.DLL",
    "C:\\WINDOWS\\System32\\KERNELBASE.dll",
    "C:\\WINDOWS\\System32\\WS2_32.dll",
    "C:\\WINDOWS\\System32\\RPCRT4.dll",
    "C:\\WINDOWS\\System32\\PSAPI.DLL",
    "C:\\WINDOWS\\System32\\ADVAPI32.dll",
    "C:\\WINDOWS\\System32\\msvcrt.dll",
    "C:\\WINDOWS\\System32\\sechost.dll",
    "C:\\WINDOWS\\SYSTEM32\\IPHLPAPI.DLL",
    "C:\\WINDOWS\\System32\\USER32.dll",
    "C:\\WINDOWS\\SYSTEM32\\USERENV.dll",
    "C:\\WINDOWS\\System32\\win32u.dll",
    "C:\\WINDOWS\\System32\\ucrtbase.dll",
    "C:\\WINDOWS\\System32\\profapi.dll",
    "C:\\WINDOWS\\System32\\GDI32.dll",
    "C:\\WINDOWS\\System32\\gdi32full.dll",
    "C:\\WINDOWS\\System32\\msvcp_win.dll",
    "C:\\WINDOWS\\System32\\CRYPT32.dll",
    "C:\\WINDOWS\\SYSTEM32\\dbghelp.dll",
    "C:\\WINDOWS\\System32\\MSASN1.dll",
    "C:\\WINDOWS\\System32\\bcrypt.dll",
    "C:\\WINDOWS\\SYSTEM32\\WINMM.dll",
    "C:\\WINDOWS\\SYSTEM32\\winmmbase.dll",
    "C:\\WINDOWS\\System32\\cfgmgr32.dll",
    "C:\\WINDOWS\\System32\\bcryptPrimitives.dll",
    "C:\\WINDOWS\\System32\\IMM32.DLL",
    "C:\\WINDOWS\\System32\\powrprof.dll",
    "C:\\WINDOWS\\System32\\UMPDC.dll",
    "C:\\WINDOWS\\SYSTEM32\\CRYPTBASE.DLL",
    "C:\\WINDOWS\\system32\\uxtheme.dll",
    "C:\\WINDOWS\\System32\\combase.dll",
    "C:\\WINDOWS\\system32\\mswsock.dll",
    "C:\\WINDOWS\\System32\\kernel.appcore.dll",
    "C:\\WINDOWS\\System32\\NSI.dll",
    "C:\\WINDOWS\\SYSTEM32\\dhcpcsvc6.DLL",
    "C:\\WINDOWS\\SYSTEM32\\dhcpcsvc.DLL",
    "C:\\WINDOWS\\SYSTEM32\\DNSAPI.dll",
    "C:\\WINDOWS\\system32\\napinsp.dll",
    "C:\\WINDOWS\\system32\\pnrpnsp.dll",
    "C:\\WINDOWS\\System32\\winrnr.dll",
    "C:\\WINDOWS\\system32\\NLAapi.dll",
    "C:\\WINDOWS\\system32\\wshbth.dll",
    "C:\\Windows\\System32\\rasadhlp.dll",
    "C:\\WINDOWS\\System32\\fwpuclnt.dll"
  ]
}